,Tipo,Expresión media,Ceros (%),Atípica por expresión media,Atípica por ceros,Atípica
sample_0,PRAD,6.6,12.13,False,False,False
sample_1,LUAD,6.359,13.19,False,False,False
sample_2,PRAD,6.034,16.14,True,False,True
sample_3,PRAD,6.379,12.68,False,False,False
sample_4,BRCA,6.509,12.38,False,False,False
sample_5,PRAD,6.64,12.02,False,False,False
sample_6,KIRC,6.572,14.2,False,False,False
sample_7,PRAD,6.644,12.28,False,False,False
sample_8,BRCA,6.528,11.54,False,False,False
sample_9,PRAD,6.391,14.83,False,False,False
sample_10,BRCA,6.607,12.81,False,False,False
sample_11,KIRC,6.62,12.06,False,False,False
sample_12,PRAD,6.735,11.38,False,False,False
sample_13,BRCA,6.277,15.16,False,False,False
sample_14,BRCA,6.291,14.95,False,False,False
sample_15,BRCA,6.545,13.77,False,False,False
sample_16,LUAD,6.646,11.81,False,False,False
sample_17,KIRC,6.638,12.13,False,False,False
sample_18,KIRC,6.577,12.6,False,False,False
sample_19,PRAD,6.533,12.96,False,False,False
sample_20,BRCA,6.262,15.33,False,False,False
sample_21,KIRC,6.387,13.09,False,False,False
sample_22,LUAD,6.589,11.98,False,False,False
sample_23,BRCA,6.149,16.58,False,False,False
sample_24,KIRC,6.349,14.05,False,False,False
sample_25,LUAD,6.788,10.11,False,False,False
sample_26,COAD,6.341,14.59,False,False,False
sample_27,BRCA,6.359,14.75,False,False,False
sample_28,BRCA,6.619,11.78,False,False,False
sample_29,BRCA,6.576,11.36,False,False,False
sample_30,BRCA,6.384,15.89,False,False,False
sample_31,BRCA,6.212,19.68,False,True,True
sample_32,KIRC,6.497,14.04,False,False,False
sample_33,BRCA,6.592,14.15,False,False,False
sample_34,PRAD,6.594,12.78,False,False,False
sample_35,BRCA,6.27,16.78,False,True,True
sample_36,KIRC,6.59,12.45,False,False,False
sample_37,LUAD,6.86,12.64,False,False,False
sample_38,BRCA,6.56,12.43,False,False,False
sample_39,BRCA,6.585,13.85,False,False,False
sample_40,KIRC,6.572,12.7,False,False,False
sample_41,PRAD,6.508,13.87,False,False,False
sample_42,PRAD,6.732,10.89,False,False,False
sample_43,KIRC,6.541,13.89,False,False,False
sample_44,KIRC,6.547,12.76,False,False,False
sample_45,BRCA,6.434,12.98,False,False,False
sample_46,PRAD,6.496,16.26,False,False,False
sample_47,COAD,6.193,16.81,False,False,False
sample_48,BRCA,6.487,12.97,False,False,False
sample_49,LUAD,6.628,13.03,False,False,False
sample_50,BRCA,6.369,13.62,False,False,False
sample_51,LUAD,6.401,15.21,False,False,False
sample_52,BRCA,6.358,14.74,False,False,False
sample_53,PRAD,6.432,13.37,False,False,False
sample_54,COAD,6.19,14.53,False,False,False
sample_55,BRCA,6.461,12.7,False,False,False
sample_56,BRCA,6.324,14.64,False,False,False
sample_57,COAD,6.556,13.99,False,False,False
sample_58,KIRC,6.585,13.71,False,False,False
sample_59,BRCA,6.605,14.61,False,False,False
sample_60,LUAD,6.477,13.95,False,False,False
sample_61,KIRC,6.708,9.85,False,False,False
sample_62,BRCA,6.7,11.12,False,False,False
sample_63,LUAD,6.467,16.02,False,False,False
sample_64,PRAD,6.335,14.06,False,False,False
sample_65,COAD,6.372,13.77,False,False,False
sample_66,BRCA,6.704,13.08,False,False,False
sample_67,PRAD,6.399,14.09,False,False,False
sample_68,KIRC,6.499,13.58,False,False,False
sample_69,BRCA,6.571,13.16,False,False,False
sample_70,KIRC,6.605,10.79,False,False,False
sample_71,BRCA,6.702,12.03,False,False,False
sample_72,BRCA,6.661,11.75,False,False,False
sample_73,LUAD,6.397,13.96,False,False,False
sample_74,BRCA,6.363,12.78,False,False,False
sample_75,LUAD,6.411,13.56,False,False,False
sample_76,BRCA,6.656,12.63,False,False,False
sample_77,KIRC,6.487,15.95,False,False,False
sample_78,PRAD,6.545,12.19,False,False,False
sample_79,COAD,6.433,13.36,False,False,False
sample_80,BRCA,6.384,13.15,False,False,False
sample_81,PRAD,6.537,13.35,False,False,False
sample_82,BRCA,6.274,15.48,False,False,False
sample_83,BRCA,6.384,13.22,False,False,False
sample_84,PRAD,6.609,12.89,False,False,False
sample_85,PRAD,6.66,11.2,False,False,False
sample_86,BRCA,6.377,13.27,False,False,False
sample_87,BRCA,6.404,15.21,False,False,False
sample_88,KIRC,6.472,14.57,False,False,False
sample_89,BRCA,6.372,13.65,False,False,False
sample_90,PRAD,6.491,13.9,False,False,False
sample_91,PRAD,6.513,12.5,False,False,False
sample_92,BRCA,6.618,14.04,False,False,False
sample_93,BRCA,6.588,12.58,False,False,False
sample_94,BRCA,6.58,12.2,False,False,False
sample_95,PRAD,6.466,12.74,False,False,False
sample_96,COAD,6.452,13.9,False,False,False
sample_97,BRCA,6.322,15.33,False,False,False
sample_98,PRAD,6.595,13.19,False,False,False
sample_99,BRCA,6.606,13.17,False,False,False
sample_100,BRCA,6.515,11.72,False,False,False
sample_101,KIRC,6.546,13.5,False,False,False
sample_102,BRCA,6.697,10.61,False,False,False
sample_103,KIRC,6.546,14.13,False,False,False
sample_104,LUAD,6.501,14.94,False,False,False
sample_105,KIRC,6.539,12.24,False,False,False
sample_106,LUAD,6.497,13.06,False,False,False
sample_107,COAD,6.526,13.89,False,False,False
sample_108,LUAD,6.477,13.59,False,False,False
sample_109,LUAD,6.754,11.27,False,False,False
sample_110,PRAD,6.442,13.49,False,False,False
sample_111,BRCA,6.631,11.82,False,False,False
sample_112,LUAD,6.74,12.12,False,False,False
sample_113,PRAD,6.629,12.09,False,False,False
sample_114,BRCA,6.525,12.58,False,False,False
sample_115,KIRC,6.466,13.12,False,False,False
sample_116,KIRC,6.506,13.49,False,False,False
sample_117,KIRC,6.502,14.4,False,False,False
sample_118,BRCA,6.487,13.35,False,False,False
sample_119,BRCA,6.507,11.58,False,False,False
sample_120,LUAD,6.592,13.29,False,False,False
sample_121,KIRC,6.529,12.17,False,False,False
sample_122,LUAD,6.627,13.91,False,False,False
sample_123,BRCA,6.239,15.77,False,False,False
sample_124,PRAD,6.672,10.18,False,False,False
sample_125,PRAD,6.766,12.21,False,False,False
sample_126,PRAD,6.59,12.94,False,False,False
sample_127,BRCA,6.456,13.21,False,False,False
sample_128,KIRC,6.561,13.08,False,False,False
sample_129,LUAD,6.276,14.93,False,False,False
sample_130,COAD,6.532,11.52,False,False,False
sample_131,BRCA,6.536,11.01,False,False,False
sample_132,COAD,6.135,17.34,False,False,False
sample_133,BRCA,6.462,13.11,False,False,False
sample_134,BRCA,6.354,14.01,False,False,False
sample_135,KIRC,6.355,16.9,False,True,True
sample_136,LUAD,6.601,14.01,False,False,False
sample_137,BRCA,6.575,12.45,False,False,False
sample_138,KIRC,6.612,12.83,False,False,False
sample_139,COAD,6.213,15.75,False,False,False
sample_140,BRCA,6.524,12.97,False,False,False
sample_141,PRAD,6.468,13.29,False,False,False
sample_142,BRCA,6.596,12.61,False,False,False
sample_143,KIRC,6.407,14.55,False,False,False
sample_144,LUAD,6.792,10.73,False,False,False
sample_145,COAD,6.244,15.32,False,False,False
sample_146,PRAD,6.602,14.68,False,False,False
sample_147,BRCA,6.537,12.51,False,False,False
sample_148,LUAD,6.553,13.39,False,False,False
sample_149,LUAD,6.336,13.51,False,False,False
sample_150,LUAD,6.615,12.51,False,False,False
sample_151,LUAD,6.572,11.45,False,False,False
sample_152,BRCA,6.386,14.51,False,False,False
sample_153,BRCA,6.45,12.94,False,False,False
sample_154,LUAD,6.581,13.43,False,False,False
sample_155,BRCA,6.613,12.56,False,False,False
sample_156,BRCA,6.42,13.41,False,False,False
sample_157,PRAD,6.518,11.82,False,False,False
sample_158,PRAD,6.596,13.25,False,False,False
sample_159,LUAD,6.814,11.51,False,False,False
sample_160,PRAD,6.562,13.46,False,False,False
sample_161,LUAD,6.564,12.64,False,False,False
sample_162,KIRC,6.349,15.3,False,False,False
sample_163,BRCA,6.688,11.76,False,False,False
sample_164,PRAD,6.319,15.07,False,False,False
sample_165,LUAD,6.762,9.66,False,False,False
sample_166,COAD,6.265,15.14,False,False,False
sample_167,KIRC,6.659,12.54,False,False,False
sample_168,LUAD,6.635,12.29,False,False,False
sample_169,BRCA,6.424,15.73,False,False,False
sample_170,KIRC,6.741,11.22,False,False,False
sample_171,LUAD,6.786,11.69,False,False,False
sample_172,BRCA,6.384,13.41,False,False,False
sample_173,LUAD,6.567,12.31,False,False,False
sample_174,BRCA,6.545,12.91,False,False,False
sample_175,BRCA,6.445,15.21,False,False,False
sample_176,BRCA,6.498,12.44,False,False,False
sample_177,PRAD,6.753,11.4,False,False,False
sample_178,BRCA,6.457,14.22,False,False,False
sample_179,KIRC,6.716,10.36,False,False,False
sample_180,COAD,6.282,14.48,False,False,False
sample_181,KIRC,6.669,12.31,False,False,False
sample_182,BRCA,6.481,13.4,False,False,False
sample_183,PRAD,6.778,11.01,False,False,False
sample_184,PRAD,6.308,13.63,False,False,False
sample_185,PRAD,6.772,11.41,False,False,False
sample_186,LUAD,6.652,12.45,False,False,False
sample_187,LUAD,6.694,11.36,False,False,False
sample_188,BRCA,6.631,12.8,False,False,False
sample_189,LUAD,6.512,12.93,False,False,False
sample_190,LUAD,6.969,8.24,False,True,True
sample_191,KIRC,6.653,11.98,False,False,False
sample_192,LUAD,6.52,13.4,False,False,False
sample_193,PRAD,6.469,12.15,False,False,False
sample_194,LUAD,6.774,12.06,False,False,False
sample_195,BRCA,6.797,11.2,False,False,False
sample_196,BRCA,6.462,14.71,False,False,False
sample_197,BRCA,6.47,11.6,False,False,False
sample_198,LUAD,6.346,16.77,False,False,False
sample_199,LUAD,6.67,13.97,False,False,False
sample_200,BRCA,6.661,12.12,False,False,False
sample_201,KIRC,6.341,13.87,False,False,False
sample_202,KIRC,6.509,12.1,False,False,False
sample_203,KIRC,6.689,12.0,False,False,False
sample_204,KIRC,6.563,14.32,False,False,False
sample_205,PRAD,6.362,13.79,False,False,False
sample_206,BRCA,6.412,15.63,False,False,False
sample_207,PRAD,6.307,15.01,False,False,False
sample_208,BRCA,6.515,12.69,False,False,False
sample_209,LUAD,6.71,12.87,False,False,False
sample_210,LUAD,6.654,13.2,False,False,False
sample_211,BRCA,6.588,13.06,False,False,False
sample_212,PRAD,6.478,12.85,False,False,False
sample_213,BRCA,6.385,13.74,False,False,False
sample_214,PRAD,6.65,12.25,False,False,False
sample_215,BRCA,6.654,12.76,False,False,False
sample_216,BRCA,6.343,13.44,False,False,False
sample_217,BRCA,6.567,12.84,False,False,False
sample_218,LUAD,6.941,9.08,False,False,False
sample_219,BRCA,6.547,13.87,False,False,False
sample_220,KIRC,6.431,14.76,False,False,False
sample_221,LUAD,6.708,11.92,False,False,False
sample_222,KIRC,6.517,12.66,False,False,False
sample_223,KIRC,6.486,14.11,False,False,False
sample_224,LUAD,6.691,11.47,False,False,False
sample_225,BRCA,6.713,10.18,False,False,False
sample_226,KIRC,6.485,13.9,False,False,False
sample_227,PRAD,6.501,12.79,False,False,False
sample_228,BRCA,6.732,11.91,False,False,False
sample_229,LUAD,6.555,14.0,False,False,False
sample_230,LUAD,6.706,11.09,False,False,False
sample_231,PRAD,6.4,13.34,False,False,False
sample_232,COAD,6.16,16.07,False,False,False
sample_233,BRCA,6.3,14.92,False,False,False
sample_234,KIRC,6.515,11.64,False,False,False
sample_235,PRAD,6.692,11.5,False,False,False
sample_236,KIRC,6.714,11.96,False,False,False
sample_237,COAD,6.442,13.24,False,False,False
sample_238,BRCA,6.698,12.49,False,False,False
sample_239,KIRC,6.666,11.06,False,False,False
sample_240,KIRC,6.61,13.47,False,False,False
sample_241,LUAD,6.652,12.41,False,False,False
sample_242,PRAD,6.483,13.51,False,False,False
sample_243,PRAD,6.77,10.7,False,False,False
sample_244,LUAD,6.691,11.06,False,False,False
sample_245,LUAD,6.681,11.95,False,False,False
sample_246,KIRC,6.557,13.08,False,False,False
sample_247,BRCA,6.694,11.95,False,False,False
sample_248,BRCA,6.527,12.38,False,False,False
sample_249,COAD,6.353,15.9,False,False,False
sample_250,BRCA,6.248,16.03,False,False,False
sample_251,PRAD,6.523,13.06,False,False,False
sample_252,COAD,6.689,12.81,False,False,False
sample_253,BRCA,6.653,12.86,False,False,False
sample_254,PRAD,6.582,11.81,False,False,False
sample_255,KIRC,6.384,13.43,False,False,False
sample_256,PRAD,6.548,13.77,False,False,False
sample_257,PRAD,6.507,11.14,False,False,False
sample_258,PRAD,6.685,11.58,False,False,False
sample_259,BRCA,6.611,11.61,False,False,False
sample_260,COAD,6.432,14.3,False,False,False
sample_261,COAD,6.544,11.11,False,False,False
sample_262,LUAD,6.517,13.66,False,False,False
sample_263,COAD,6.457,13.02,False,False,False
sample_264,COAD,6.429,14.06,False,False,False
sample_265,PRAD,6.406,12.68,False,False,False
sample_266,LUAD,6.805,11.74,False,False,False
sample_267,BRCA,6.214,16.15,False,False,False
sample_268,BRCA,6.545,13.46,False,False,False
sample_269,KIRC,6.568,14.71,False,False,False
sample_270,KIRC,6.617,12.16,False,False,False
sample_271,BRCA,6.402,12.98,False,False,False
sample_272,COAD,6.241,14.54,False,False,False
sample_273,PRAD,6.58,14.35,False,False,False
sample_274,KIRC,6.613,11.48,False,False,False
sample_275,PRAD,6.667,12.52,False,False,False
sample_276,BRCA,6.647,11.77,False,False,False
sample_277,BRCA,6.26,13.83,False,False,False
sample_278,KIRC,6.568,11.86,False,False,False
sample_279,BRCA,6.355,14.25,False,False,False
sample_280,BRCA,6.615,11.85,False,False,False
sample_281,BRCA,6.534,12.21,False,False,False
sample_282,BRCA,6.197,16.62,False,False,False
sample_283,LUAD,6.679,11.3,False,False,False
sample_284,LUAD,6.424,15.82,False,False,False
sample_285,BRCA,6.572,12.2,False,False,False
sample_286,BRCA,6.61,12.26,False,False,False
sample_287,BRCA,6.652,11.03,False,False,False
sample_288,KIRC,6.534,13.77,False,False,False
sample_289,KIRC,6.752,10.81,False,False,False
sample_290,KIRC,6.542,12.77,False,False,False
sample_291,KIRC,6.575,12.02,False,False,False
sample_292,BRCA,6.561,13.45,False,False,False
sample_293,BRCA,6.469,12.73,False,False,False
sample_294,BRCA,6.291,16.01,False,False,False
sample_295,KIRC,6.539,13.63,False,False,False
sample_296,BRCA,6.533,13.33,False,False,False
sample_297,BRCA,6.605,12.36,False,False,False
sample_298,LUAD,6.573,12.68,False,False,False
sample_299,PRAD,6.757,10.71,False,False,False
sample_300,BRCA,6.654,12.93,False,False,False
sample_301,BRCA,6.558,12.16,False,False,False
sample_302,COAD,6.248,15.58,False,False,False
sample_303,LUAD,6.478,14.08,False,False,False
sample_304,PRAD,6.498,13.5,False,False,False
sample_305,BRCA,6.569,11.76,False,False,False
sample_306,BRCA,6.541,12.99,False,False,False
sample_307,BRCA,6.706,10.94,False,False,False
sample_308,COAD,5.97,17.77,False,False,False
sample_309,BRCA,6.682,14.09,False,False,False
sample_310,PRAD,6.653,11.13,False,False,False
sample_311,BRCA,6.552,12.06,False,False,False
sample_312,COAD,6.245,16.33,False,False,False
sample_313,LUAD,6.545,13.12,False,False,False
sample_314,LUAD,6.531,14.15,False,False,False
sample_315,PRAD,6.424,12.72,False,False,False
sample_316,KIRC,6.637,12.1,False,False,False
sample_317,BRCA,6.675,11.78,False,False,False
sample_318,KIRC,6.873,9.63,False,False,False
sample_319,KIRC,6.599,12.85,False,False,False
sample_320,LUAD,6.572,15.02,False,False,False
sample_321,COAD,6.545,12.67,False,False,False
sample_322,KIRC,6.235,15.26,True,False,True
sample_323,BRCA,6.484,12.39,False,False,False
sample_324,BRCA,6.387,14.36,False,False,False
sample_325,BRCA,6.317,15.33,False,False,False
sample_326,BRCA,6.575,11.63,False,False,False
sample_327,KIRC,6.588,13.23,False,False,False
sample_328,BRCA,6.498,12.47,False,False,False
sample_329,BRCA,6.544,12.68,False,False,False
sample_330,PRAD,6.39,13.49,False,False,False
sample_331,BRCA,6.403,12.61,False,False,False
sample_332,KIRC,6.643,11.71,False,False,False
sample_333,BRCA,6.609,11.99,False,False,False
sample_334,LUAD,6.691,13.62,False,False,False
sample_335,PRAD,6.634,13.13,False,False,False
sample_336,KIRC,6.415,14.95,False,False,False
sample_337,BRCA,6.449,14.78,False,False,False
sample_338,PRAD,6.425,16.0,False,False,False
sample_339,COAD,6.303,14.22,False,False,False
sample_340,BRCA,6.667,12.57,False,False,False
sample_341,BRCA,6.644,12.27,False,False,False
sample_342,BRCA,6.51,12.63,False,False,False
sample_343,LUAD,6.401,15.31,False,False,False
sample_344,LUAD,6.38,13.82,False,False,False
sample_345,LUAD,6.643,11.56,False,False,False
sample_346,BRCA,6.504,13.16,False,False,False
sample_347,BRCA,6.529,12.67,False,False,False
sample_348,PRAD,6.636,12.03,False,False,False
sample_349,LUAD,6.566,13.19,False,False,False
sample_350,BRCA,6.531,11.83,False,False,False
sample_351,KIRC,6.518,13.89,False,False,False
sample_352,BRCA,6.466,13.14,False,False,False
sample_353,COAD,6.411,13.47,False,False,False
sample_354,COAD,6.647,12.38,False,False,False
sample_355,LUAD,6.622,14.9,False,False,False
sample_356,BRCA,6.383,14.53,False,False,False
sample_357,KIRC,6.37,15.09,False,False,False
sample_358,BRCA,6.474,13.46,False,False,False
sample_359,BRCA,6.459,12.38,False,False,False
sample_360,BRCA,6.656,11.79,False,False,False
sample_361,COAD,6.331,14.86,False,False,False
sample_362,LUAD,6.731,11.43,False,False,False
sample_363,COAD,6.525,12.47,False,False,False
sample_364,KIRC,6.546,13.13,False,False,False
sample_365,PRAD,6.706,12.03,False,False,False
sample_366,KIRC,6.738,9.98,False,False,False
sample_367,BRCA,6.577,13.22,False,False,False
sample_368,BRCA,6.545,11.89,False,False,False
sample_369,KIRC,6.481,12.82,False,False,False
sample_370,BRCA,6.769,10.33,False,False,False
sample_371,COAD,6.219,14.41,False,False,False
sample_372,PRAD,6.608,12.12,False,False,False
sample_373,LUAD,6.536,13.07,False,False,False
sample_374,PRAD,6.362,13.59,False,False,False
sample_375,BRCA,6.628,13.23,False,False,False
sample_376,KIRC,6.695,11.09,False,False,False
sample_377,PRAD,6.337,14.37,False,False,False
sample_378,BRCA,6.549,11.99,False,False,False
sample_379,COAD,6.225,15.49,False,False,False
sample_380,KIRC,6.569,12.36,False,False,False
sample_381,KIRC,6.63,13.62,False,False,False
sample_382,COAD,6.245,15.26,False,False,False
sample_383,COAD,6.276,15.86,False,False,False
sample_384,PRAD,6.592,11.78,False,False,False
sample_385,BRCA,6.411,13.31,False,False,False
sample_386,BRCA,6.385,13.94,False,False,False
sample_387,COAD,6.386,15.67,False,False,False
sample_388,KIRC,6.394,15.82,False,False,False
sample_389,BRCA,6.725,12.33,False,False,False
sample_390,PRAD,6.753,11.16,False,False,False
sample_391,BRCA,6.468,13.3,False,False,False
sample_392,BRCA,6.347,13.81,False,False,False
sample_393,BRCA,6.523,12.77,False,False,False
sample_394,LUAD,6.701,10.87,False,False,False
sample_395,LUAD,6.598,11.46,False,False,False
sample_396,KIRC,6.083,17.32,True,True,True
sample_397,LUAD,6.547,14.46,False,False,False
sample_398,BRCA,6.555,12.67,False,False,False
sample_399,KIRC,6.632,12.16,False,False,False
sample_400,COAD,6.311,13.37,False,False,False
sample_401,PRAD,6.355,15.73,False,False,False
sample_402,BRCA,6.482,12.65,False,False,False
sample_403,LUAD,6.655,11.07,False,False,False
sample_404,PRAD,6.648,11.49,False,False,False
sample_405,BRCA,6.607,12.0,False,False,False
sample_406,BRCA,6.179,19.32,False,True,True
sample_407,BRCA,6.526,12.9,False,False,False
sample_408,LUAD,6.494,11.75,False,False,False
sample_409,BRCA,6.498,13.05,False,False,False
sample_410,BRCA,6.33,16.17,False,False,False
sample_411,PRAD,6.682,12.11,False,False,False
sample_412,BRCA,6.39,14.57,False,False,False
sample_413,PRAD,6.582,11.7,False,False,False
sample_414,COAD,6.465,13.48,False,False,False
sample_415,BRCA,6.548,12.25,False,False,False
sample_416,LUAD,6.37,13.4,False,False,False
sample_417,BRCA,6.119,17.3,False,True,True
sample_418,BRCA,6.311,13.93,False,False,False
sample_419,LUAD,6.92,8.83,False,False,False
sample_420,BRCA,6.464,13.47,False,False,False
sample_421,BRCA,6.615,13.37,False,False,False
sample_422,BRCA,6.507,12.16,False,False,False
sample_423,KIRC,6.708,11.04,False,False,False
sample_424,LUAD,6.665,11.95,False,False,False
sample_425,PRAD,6.557,11.57,False,False,False
sample_426,BRCA,6.595,12.32,False,False,False
sample_427,PRAD,6.659,11.31,False,False,False
sample_428,KIRC,6.614,13.1,False,False,False
sample_429,BRCA,6.641,13.16,False,False,False
sample_430,KIRC,6.421,14.97,False,False,False
sample_431,COAD,6.396,13.55,False,False,False
sample_432,BRCA,6.327,14.0,False,False,False
sample_433,PRAD,6.55,10.95,False,False,False
sample_434,LUAD,6.68,10.51,False,False,False
sample_435,KIRC,6.719,11.33,False,False,False
sample_436,BRCA,6.317,13.64,False,False,False
sample_437,BRCA,6.416,15.83,False,False,False
sample_438,KIRC,6.844,6.69,False,True,True
sample_439,BRCA,6.655,10.61,False,False,False
sample_440,LUAD,6.742,10.26,False,False,False
sample_441,BRCA,6.677,12.04,False,False,False
sample_442,BRCA,6.5,13.88,False,False,False
sample_443,PRAD,6.523,11.85,False,False,False
sample_444,COAD,6.202,17.14,False,False,False
sample_445,BRCA,6.481,13.11,False,False,False
sample_446,KIRC,6.692,10.4,False,False,False
sample_447,LUAD,6.704,12.25,False,False,False
sample_448,PRAD,6.497,12.7,False,False,False
sample_449,BRCA,6.406,13.21,False,False,False
sample_450,PRAD,6.396,14.7,False,False,False
sample_451,BRCA,6.586,11.68,False,False,False
sample_452,BRCA,6.565,12.25,False,False,False
sample_453,BRCA,6.543,13.96,False,False,False
sample_454,BRCA,6.405,14.62,False,False,False
sample_455,KIRC,6.671,12.61,False,False,False
sample_456,LUAD,6.7,12.59,False,False,False
sample_457,BRCA,6.669,12.25,False,False,False
sample_458,KIRC,6.456,13.48,False,False,False
sample_459,BRCA,6.637,11.47,False,False,False
sample_460,BRCA,6.418,13.26,False,False,False
sample_461,LUAD,6.508,12.66,False,False,False
sample_462,LUAD,6.608,14.04,False,False,False
sample_463,KIRC,6.551,13.92,False,False,False
sample_464,COAD,6.5,13.94,False,False,False
sample_465,PRAD,6.449,12.98,False,False,False
sample_466,COAD,6.216,15.43,False,False,False
sample_467,BRCA,6.626,13.08,False,False,False
sample_468,KIRC,6.431,14.92,False,False,False
sample_469,KIRC,6.682,10.11,False,False,False
sample_470,BRCA,6.42,14.45,False,False,False
sample_471,PRAD,6.74,11.41,False,False,False
sample_472,KIRC,6.527,13.73,False,False,False
sample_473,COAD,6.728,11.71,False,False,False
sample_474,LUAD,6.74,12.1,False,False,False
sample_475,LUAD,6.625,13.3,False,False,False
sample_476,BRCA,6.285,15.24,False,False,False
sample_477,PRAD,6.533,12.17,False,False,False
sample_478,PRAD,6.481,12.75,False,False,False
sample_479,BRCA,6.657,12.52,False,False,False
sample_480,PRAD,6.578,11.89,False,False,False
sample_481,LUAD,6.505,15.14,False,False,False
sample_482,KIRC,6.58,11.42,False,False,False
sample_483,PRAD,6.503,12.02,False,False,False
sample_484,BRCA,6.438,15.19,False,False,False
sample_485,LUAD,6.451,13.68,False,False,False
sample_486,PRAD,6.506,13.07,False,False,False
sample_487,LUAD,6.619,12.44,False,False,False
sample_488,BRCA,6.492,12.98,False,False,False
sample_489,BRCA,6.634,10.97,False,False,False
sample_490,COAD,6.336,14.54,False,False,False
sample_491,LUAD,6.61,14.34,False,False,False
sample_492,KIRC,6.599,13.16,False,False,False
sample_493,COAD,6.209,15.72,False,False,False
sample_494,LUAD,6.72,11.57,False,False,False
sample_495,BRCA,6.588,12.03,False,False,False
sample_496,PRAD,6.463,12.34,False,False,False
sample_497,BRCA,6.481,14.3,False,False,False
sample_498,BRCA,6.755,11.09,False,False,False
sample_499,PRAD,6.608,11.92,False,False,False
sample_500,BRCA,6.578,13.11,False,False,False
sample_501,COAD,6.265,14.68,False,False,False
sample_502,BRCA,6.592,12.13,False,False,False
sample_503,COAD,6.11,16.99,False,False,False
sample_504,KIRC,6.633,12.45,False,False,False
sample_505,BRCA,6.223,17.66,False,True,True
sample_506,BRCA,6.477,13.65,False,False,False
sample_507,LUAD,6.338,14.71,False,False,False
sample_508,LUAD,6.455,12.57,False,False,False
sample_509,LUAD,6.62,13.21,False,False,False
sample_510,COAD,6.456,14.41,False,False,False
sample_511,KIRC,6.737,9.57,False,False,False
sample_512,LUAD,6.56,14.2,False,False,False
sample_513,LUAD,6.844,11.31,False,False,False
sample_514,BRCA,6.479,12.18,False,False,False
sample_515,BRCA,6.522,12.63,False,False,False
sample_516,KIRC,6.597,11.98,False,False,False
sample_517,PRAD,6.628,12.27,False,False,False
sample_518,LUAD,6.634,14.26,False,False,False
sample_519,PRAD,6.515,13.23,False,False,False
sample_520,BRCA,6.448,12.73,False,False,False
sample_521,KIRC,6.335,16.02,False,False,False
sample_522,BRCA,6.168,13.99,False,False,False
sample_523,KIRC,6.848,10.74,False,False,False
sample_524,KIRC,6.574,14.16,False,False,False
sample_525,PRAD,6.501,14.64,False,False,False
sample_526,PRAD,6.614,11.81,False,False,False
sample_527,LUAD,6.757,13.33,False,False,False
sample_528,BRCA,6.603,12.16,False,False,False
sample_529,KIRC,6.562,10.94,False,False,False
sample_530,COAD,6.179,16.35,False,False,False
sample_531,COAD,6.507,13.32,False,False,False
sample_532,BRCA,6.423,14.34,False,False,False
sample_533,KIRC,6.427,13.41,False,False,False
sample_534,KIRC,6.643,12.77,False,False,False
sample_535,BRCA,6.614,12.04,False,False,False
sample_536,BRCA,6.479,13.44,False,False,False
sample_537,PRAD,6.652,11.2,False,False,False
sample_538,KIRC,6.448,12.96,False,False,False
sample_539,COAD,6.422,13.84,False,False,False
sample_540,BRCA,6.771,11.84,False,False,False
sample_541,BRCA,6.556,12.11,False,False,False
sample_542,COAD,6.424,14.49,False,False,False
sample_543,LUAD,6.639,11.38,False,False,False
sample_544,BRCA,6.617,12.88,False,False,False
sample_545,BRCA,6.8,10.94,False,False,False
sample_546,BRCA,6.274,14.63,False,False,False
sample_547,KIRC,6.429,14.24,False,False,False
sample_548,PRAD,6.403,13.32,False,False,False
sample_549,LUAD,6.492,12.6,False,False,False
sample_550,LUAD,6.8,11.16,False,False,False
sample_551,BRCA,6.283,15.75,False,False,False
sample_552,KIRC,6.477,13.99,False,False,False
sample_553,COAD,6.428,12.71,False,False,False
sample_554,KIRC,6.586,12.61,False,False,False
sample_555,KIRC,6.477,13.42,False,False,False
sample_556,BRCA,6.428,13.64,False,False,False
sample_557,PRAD,6.598,13.46,False,False,False
sample_558,LUAD,6.527,14.96,False,False,False
sample_559,KIRC,6.643,12.09,False,False,False
sample_560,BRCA,6.243,21.34,False,True,True
sample_561,COAD,6.301,15.34,False,False,False
sample_562,LUAD,6.604,12.95,False,False,False
sample_563,LUAD,6.696,11.48,False,False,False
sample_564,LUAD,6.7,10.08,False,False,False
sample_565,PRAD,6.691,10.57,False,False,False
sample_566,LUAD,6.611,14.81,False,False,False
sample_567,KIRC,6.453,13.66,False,False,False
sample_568,BRCA,6.24,14.95,False,False,False
sample_569,BRCA,6.738,11.14,False,False,False
sample_570,COAD,6.394,13.99,False,False,False
sample_571,PRAD,6.668,11.9,False,False,False
sample_572,BRCA,6.33,14.97,False,False,False
sample_573,BRCA,6.601,13.66,False,False,False
sample_574,BRCA,6.258,15.21,False,False,False
sample_575,KIRC,6.604,12.64,False,False,False
sample_576,LUAD,6.722,12.69,False,False,False
sample_577,LUAD,6.479,15.98,False,False,False
sample_578,BRCA,6.472,14.48,False,False,False
sample_579,PRAD,6.521,12.56,False,False,False
sample_580,LUAD,6.562,13.01,False,False,False
sample_581,LUAD,6.54,12.64,False,False,False
sample_582,BRCA,6.336,15.16,False,False,False
sample_583,KIRC,6.438,14.17,False,False,False
sample_584,PRAD,6.501,12.58,False,False,False
sample_585,COAD,6.305,14.19,False,False,False
sample_586,LUAD,6.633,12.61,False,False,False
sample_587,PRAD,6.579,12.83,False,False,False
sample_588,COAD,6.298,15.11,False,False,False
sample_589,LUAD,6.841,11.45,False,False,False
sample_590,COAD,6.349,13.64,False,False,False
sample_591,KIRC,6.499,14.73,False,False,False
sample_592,KIRC,6.801,11.34,False,False,False
sample_593,BRCA,6.304,13.96,False,False,False
sample_594,BRCA,6.274,15.73,False,False,False
sample_595,KIRC,6.37,14.39,False,False,False
sample_596,KIRC,6.56,13.85,False,False,False
sample_597,COAD,6.48,12.86,False,False,False
sample_598,BRCA,6.556,12.55,False,False,False
sample_599,LUAD,6.174,16.09,True,False,True
sample_600,PRAD,6.441,12.08,False,False,False
sample_601,PRAD,6.3,14.97,False,False,False
sample_602,KIRC,6.586,14.17,False,False,False
sample_603,BRCA,6.302,15.01,False,False,False
sample_604,LUAD,6.501,13.93,False,False,False
sample_605,BRCA,6.698,10.11,False,False,False
sample_606,BRCA,6.787,10.9,False,False,False
sample_607,COAD,6.384,14.57,False,False,False
sample_608,BRCA,6.654,13.51,False,False,False
sample_609,PRAD,6.419,14.37,False,False,False
sample_610,PRAD,6.632,11.3,False,False,False
sample_611,BRCA,6.549,13.08,False,False,False
sample_612,BRCA,6.484,13.23,False,False,False
sample_613,COAD,6.315,14.76,False,False,False
sample_614,BRCA,6.271,14.27,False,False,False
sample_615,KIRC,6.561,15.1,False,False,False
sample_616,BRCA,6.347,13.28,False,False,False
sample_617,BRCA,6.758,11.58,False,False,False
sample_618,COAD,6.668,12.02,False,False,False
sample_619,BRCA,6.518,14.11,False,False,False
sample_620,PRAD,6.747,11.54,False,False,False
sample_621,BRCA,6.625,12.46,False,False,False
sample_622,BRCA,6.313,14.14,False,False,False
sample_623,KIRC,6.533,13.13,False,False,False
sample_624,PRAD,6.605,10.44,False,False,False
sample_625,LUAD,6.578,13.5,False,False,False
sample_626,BRCA,6.636,11.71,False,False,False
sample_627,BRCA,6.531,12.6,False,False,False
sample_628,KIRC,6.515,12.85,False,False,False
sample_629,BRCA,6.493,14.11,False,False,False
sample_630,BRCA,6.493,12.51,False,False,False
sample_631,BRCA,6.665,12.52,False,False,False
sample_632,BRCA,6.719,11.05,False,False,False
sample_633,BRCA,6.051,18.06,True,True,True
sample_634,COAD,6.444,13.59,False,False,False
sample_635,LUAD,6.856,11.68,False,False,False
sample_636,LUAD,6.668,12.34,False,False,False
sample_637,BRCA,6.598,13.86,False,False,False
sample_638,BRCA,6.557,11.74,False,False,False
sample_639,BRCA,6.289,13.67,False,False,False
sample_640,PRAD,6.705,10.93,False,False,False
sample_641,BRCA,6.523,12.82,False,False,False
sample_642,BRCA,6.504,12.34,False,False,False
sample_643,KIRC,6.443,14.14,False,False,False
sample_644,LUAD,6.577,13.18,False,False,False
sample_645,LUAD,6.765,10.6,False,False,False
sample_646,KIRC,6.547,13.92,False,False,False
sample_647,KIRC,6.382,14.4,False,False,False
sample_648,LUAD,6.655,12.04,False,False,False
sample_649,KIRC,6.59,13.56,False,False,False
sample_650,COAD,6.192,16.11,False,False,False
sample_651,BRCA,6.65,12.44,False,False,False
sample_652,COAD,6.212,15.05,False,False,False
sample_653,KIRC,6.612,10.95,False,False,False
sample_654,BRCA,6.308,14.39,False,False,False
sample_655,BRCA,6.478,12.64,False,False,False
sample_656,PRAD,6.74,11.28,False,False,False
sample_657,PRAD,6.62,11.16,False,False,False
sample_658,PRAD,6.258,14.08,False,False,False
sample_659,LUAD,6.789,11.59,False,False,False
sample_660,PRAD,6.536,12.17,False,False,False
sample_661,PRAD,6.404,14.03,False,False,False
sample_662,COAD,6.167,16.45,False,False,False
sample_663,BRCA,6.098,17.12,False,True,True
sample_664,BRCA,6.594,12.64,False,False,False
sample_665,COAD,6.461,12.74,False,False,False
sample_666,LUAD,6.715,11.93,False,False,False
sample_667,KIRC,6.682,11.56,False,False,False
sample_668,BRCA,6.534,12.71,False,False,False
sample_669,KIRC,6.55,13.76,False,False,False
sample_670,COAD,6.396,13.65,False,False,False
sample_671,BRCA,6.655,12.19,False,False,False
sample_672,BRCA,6.538,13.39,False,False,False
sample_673,BRCA,6.63,12.95,False,False,False
sample_674,PRAD,6.591,10.75,False,False,False
sample_675,LUAD,6.863,10.9,False,False,False
sample_676,KIRC,6.738,11.22,False,False,False
sample_677,BRCA,6.526,12.91,False,False,False
sample_678,PRAD,6.554,12.66,False,False,False
sample_679,KIRC,6.562,13.1,False,False,False
sample_680,PRAD,6.624,11.56,False,False,False
sample_681,BRCA,6.613,11.82,False,False,False
sample_682,LUAD,6.658,13.82,False,False,False
sample_683,KIRC,6.602,13.18,False,False,False
sample_684,PRAD,6.55,13.23,False,False,False
sample_685,LUAD,6.793,12.22,False,False,False
sample_686,PRAD,6.667,10.73,False,False,False
sample_687,PRAD,6.621,12.73,False,False,False
sample_688,BRCA,6.203,15.48,False,False,False
sample_689,KIRC,6.78,10.67,False,False,False
sample_690,PRAD,6.662,11.54,False,False,False
sample_691,LUAD,6.66,10.61,False,False,False
sample_692,COAD,6.301,14.51,False,False,False
sample_693,COAD,6.535,13.39,False,False,False
sample_694,BRCA,6.416,12.76,False,False,False
sample_695,BRCA,6.502,13.32,False,False,False
sample_696,BRCA,6.513,12.77,False,False,False
sample_697,LUAD,6.306,15.15,False,False,False
sample_698,KIRC,6.642,12.61,False,False,False
sample_699,KIRC,6.772,12.12,False,False,False
sample_700,KIRC,6.792,9.92,False,False,False
sample_701,BRCA,6.399,15.22,False,False,False
sample_702,LUAD,6.723,10.0,False,False,False
sample_703,KIRC,6.595,11.74,False,False,False
sample_704,PRAD,6.506,14.24,False,False,False
sample_705,BRCA,6.61,12.08,False,False,False
sample_706,LUAD,6.746,12.11,False,False,False
sample_707,PRAD,6.363,17.54,False,True,True
sample_708,BRCA,6.631,11.29,False,False,False
sample_709,PRAD,6.434,13.43,False,False,False
sample_710,BRCA,6.267,14.86,False,False,False
sample_711,KIRC,6.655,12.69,False,False,False
sample_712,BRCA,6.467,13.15,False,False,False
sample_713,COAD,6.73,11.75,False,False,False
sample_714,PRAD,6.657,11.58,False,False,False
sample_715,PRAD,6.773,10.69,False,False,False
sample_716,KIRC,6.545,12.16,False,False,False
sample_717,PRAD,6.749,10.97,False,False,False
sample_718,KIRC,6.674,11.98,False,False,False
sample_719,BRCA,6.371,15.15,False,False,False
sample_720,LUAD,6.563,13.24,False,False,False
sample_721,LUAD,6.688,12.36,False,False,False
sample_722,BRCA,6.525,12.69,False,False,False
sample_723,BRCA,6.625,12.62,False,False,False
sample_724,KIRC,6.688,11.69,False,False,False
sample_725,BRCA,6.608,12.44,False,False,False
sample_726,BRCA,6.585,11.97,False,False,False
sample_727,BRCA,6.621,11.85,False,False,False
sample_728,BRCA,6.386,14.0,False,False,False
sample_729,KIRC,6.528,13.02,False,False,False
sample_730,KIRC,6.74,12.14,False,False,False
sample_731,PRAD,6.732,12.35,False,False,False
sample_732,COAD,6.362,14.4,False,False,False
sample_733,KIRC,6.417,14.8,False,False,False
sample_734,BRCA,6.495,11.93,False,False,False
sample_735,BRCA,6.715,12.11,False,False,False
sample_736,KIRC,6.806,10.25,False,False,False
sample_737,BRCA,6.516,13.26,False,False,False
sample_738,LUAD,6.702,11.14,False,False,False
sample_739,BRCA,6.664,9.87,False,False,False
sample_740,BRCA,6.41,13.77,False,False,False
sample_741,PRAD,6.699,11.06,False,False,False
sample_742,BRCA,6.662,13.45,False,False,False
sample_743,PRAD,6.563,11.73,False,False,False
sample_744,BRCA,6.61,13.71,False,False,False
sample_745,COAD,6.17,15.0,False,False,False
sample_746,BRCA,6.619,11.85,False,False,False
sample_747,BRCA,6.423,13.72,False,False,False
sample_748,KIRC,6.574,12.61,False,False,False
sample_749,LUAD,6.655,11.73,False,False,False
sample_750,BRCA,6.493,12.77,False,False,False
sample_751,BRCA,6.547,11.07,False,False,False
sample_752,PRAD,6.583,11.38,False,False,False
sample_753,BRCA,6.4,13.89,False,False,False
sample_754,PRAD,6.636,12.01,False,False,False
sample_755,COAD,6.7,11.67,False,False,False
sample_756,BRCA,6.236,16.36,False,False,False
sample_757,BRCA,6.722,10.28,False,False,False
sample_758,BRCA,6.661,12.07,False,False,False
sample_759,LUAD,6.801,11.61,False,False,False
sample_760,BRCA,6.279,14.46,False,False,False
sample_761,LUAD,6.72,11.59,False,False,False
sample_762,BRCA,6.763,12.15,False,False,False
sample_763,LUAD,6.498,13.26,False,False,False
sample_764,KIRC,6.39,16.57,False,False,False
sample_765,KIRC,6.5,13.51,False,False,False
sample_766,COAD,6.437,12.78,False,False,False
sample_767,COAD,6.512,13.59,False,False,False
sample_768,BRCA,6.569,12.34,False,False,False
sample_769,BRCA,6.597,12.39,False,False,False
sample_770,BRCA,6.558,12.24,False,False,False
sample_771,LUAD,6.288,14.52,False,False,False
sample_772,BRCA,6.594,12.38,False,False,False
sample_773,LUAD,6.793,9.21,False,False,False
sample_774,KIRC,6.44,12.33,False,False,False
sample_775,BRCA,6.551,13.57,False,False,False
sample_776,LUAD,6.633,14.08,False,False,False
sample_777,KIRC,6.438,14.2,False,False,False
sample_778,LUAD,6.584,12.85,False,False,False
sample_779,LUAD,6.524,14.73,False,False,False
sample_780,LUAD,6.376,15.5,False,False,False
sample_781,KIRC,6.477,14.69,False,False,False
sample_782,BRCA,6.642,12.3,False,False,False
sample_783,PRAD,6.13,16.85,True,True,True
sample_784,BRCA,6.385,13.09,False,False,False
sample_785,BRCA,6.266,16.94,False,True,True
sample_786,KIRC,6.601,12.94,False,False,False
sample_787,BRCA,6.379,13.46,False,False,False
sample_788,PRAD,6.436,14.77,False,False,False
sample_789,KIRC,6.699,8.64,False,True,True
sample_790,BRCA,6.418,13.54,False,False,False
sample_791,BRCA,6.446,13.53,False,False,False
sample_792,BRCA,6.235,14.9,False,False,False
sample_793,BRCA,6.327,14.48,False,False,False
sample_794,PRAD,6.521,11.53,False,False,False
sample_795,LUAD,6.657,11.53,False,False,False
sample_796,BRCA,6.367,14.83,False,False,False
sample_797,LUAD,6.544,13.79,False,False,False
sample_798,COAD,7.168,8.03,True,True,True
sample_799,PRAD,6.649,10.44,False,False,False
sample_800,PRAD,6.645,12.93,False,False,False
